{"Alain Delon": [0.2170309990644455, 0.2127234846353531, 0.0, 0.23319934904575348, 0.0, 0.0, 0.23669958710670472, 0.1500735655426979, 0.0017907006666064262, 0.0, 0.0, 0.15584379732608794, 0.017052850127220152, 0.2246019423007965, 0.0, 0.0, 0.0, 0.0, 0.0, 0.029212522506713866, 0.05591754466295242, 0.0, 0.0, 0.0, 0.0, 0.0, 0.0, 0.0, 0.0, 0.0, 0.0, 0.02677280381321907, 0.0, 0.0, 0.0, 0.16079361438751222, 0.0, 0.0, 0.0, 0.0, 0.0, 0.0, 0.008970428258180618, 0.1723870486021042, 0.0, 0.0, 0.0, 0.0, 0.0, 0.0, 0.1854254886507988, 0.005313218384981155, 0.0, 0.0, 0.0, 0.0, 0.0, 0.028392916917800902, 0.0, 0.0, 0.0, 0.0, 0.0, 0.21398256719112396, 0.0, 0.0, 0.0, 0.008631223440170288, 0.011207203567028045, 0.20605749487876893, 0.21207254827022554, 0.11642905324697495, 0.0, 0.0, 0.0, 0.006645149737596512, 0.0, 0.0, 0.0, 0.0, 0.0, 0.018821849673986434, 0.0, 0.0, 0.0, 0.0, 0.19248478561639787, 0.0, 0.0, 0.0, 0.0, 0.02440920805092901, 0.0, 0.0, 0.021976829320192338, 0.01883861720561981, 0.0, 0.0, 0.0, 0.18839719295501708, 0.0, 0.0028984833508729933, 0.24515672624111176, 0.0, 0.03483263254165649, 0.20504727065563202, 0.0, 0.0, 0.0, 0.0, 0.0, 0.16142736077308656, 0.0, 0.0, 0.0, 0.18104271441698075, 0.0, 0.17030644714832305, 0.0, 0.0, 0.02331320205703378, 0.21190184056758882, 0.2246591180562973, 0.0, 0.002977077104151249, 0.0, 0.003932255506515503, 0.13855341970920562], "Lady Gaga": [0.0, 0.0, 0.0, 0.0, 0.2631458818912506, 0.0, 0.0, 0.0, 0.0, 0.0, 0.0, 0.0, 0.0, 0.0, 0.006549186259508133, 0.0, 0.18652962148189545, 0.0, 0.22378142774105073, 0.0, 0.0, 0.0, 0.0, 0.0, 0.0, 0.2765855371952057, 0.0, 0.20961349606513976, 0.0, 0.2152034729719162, 0.008753907680511475, 0.009570740908384324, 0.018173536658287047, 0.0, 0.0, 0.0, 0.0, 0.0, 0.0, 0.02055976688861847, 0.0, 0.12006660997867584, 0.007111143413931131, 0.0, 0.21077238917350768, 0.2421780377626419, 0.0, 0.0, 0.0, 0.0, 0.0, 0.0, 0.0, 0.09745442718267441, 0.22898149192333223, 0.0, 0.0, 0.0, 0.0, 0.23857256174087524, 0.0, 0.0, 0.26414264291524886, 0.0, 0.2587418109178543, 0.0, 0.03333731666207314, 0.0, 0.0, 0.0, 0.0, 0.0, 0.2621749103069305, 0.0, 0.0, 0.028394634276628493, 0.0, 0.0, 0.0, 0.16205294728279113, 0.0, 0.004105885326862335, 0.2965492606163025, 0.0, 0.0, 0.0, 0.0, 0.0031199252232909204, 0.0, 0.0, 0.0, 0.004434000328183174, 0.0, 0.22634968757629395, 0.0, 0.0, 0.0, 0.0, 0.02987342104315758, 0.0, 0.0, 0.0, 0.0, 0.0, 0.03639371693134308, 0.0, 0.0, 0.0, 0.00192964356392622, 0.0, 0.0, 0.0, 0.0, 0.0, 0.0, 0.0, 0.0, 0.0, 0.0, 0.0, 0.0, 0.0, 0.0, 0.0030794162303209305, 0.0, 0.0, 0.00015514198457822204, 0.0], "David Bowie": [0.20393954068422318, 0.1878536432981491, 0.0, 0.19986224472522734, 0.0327905286103487, 0.0, 0.1363668769598007, 0.12427151799201966, 0.0, 0.0, 0.0, 0.1581691697239876, 0.0, 0.16289135962724685, 0.0, 0.0, 0.017008045315742494, 0.0, 0.00846283957362175, 0.0, 0.0, 0.0, 0.0, 0.0, 0.0, 0.0, 0.0, 0.0, 0.0, 0.03189629837870598, 0.00786166712641716, 0.00044059096835553647, 0.013404592871665955, 0.0, 0.0, 0.17376780807971953, 0.0, 0.0, 0.0, 0.015208181738853455, 0.0, 0.0, 0.0008422992192208767, 0.22323125302791597, 0.021897581219673157, 0.05650569684803486, 0.0, 0.005784826306626201, 0.0, 0.0, 0.1821066901087761, 0.0, 0.0, 0.0, 0.032497651875019073, 0.0, 0.0, 0.0, 0.001602530851960182, 0.025833091139793395, 0.0, 0.0, 0.03072381019592285, 0.22242112159729005, 0.033173394948244096, 0.0, 0.0, 0.00012622354552149773, 0.0, 0.2239085167646408, 0.19641916453838348, 0.15081673264503478, 0.08141263127326966, 0.0, 0.0, 0.002846774645149708, 0.0, 0.0, 0.0, 7.530273287557066e-05, 0.0, 0.0, 0.04404917731881142, 0.0, 0.0, 0.0, 0.21837047934532167, 0.0, 0.0, 0.0, 0.0, 0.008681114017963409, 0.0, 0.0, 0.0, 0.0, 0.0, 0.0, 0.0, 0.17479806244373322, 0.0, 0.0, 0.22500594854354858, 0.0, 0.0, 0.1919107109308243, 0.0, 0.0, 0.0, 0.0, 0.0, 0.1920440796762705, 0.0, 0.0, 0.0, 0.1892969250679016, 0.0, 0.13966083601117135, 0.0, 0.0, 0.0, 0.1621434472501278, 0.23253332674503327, 0.002908964827656746, 0.0, 0.0, 0.000507982261478901, 0.1806221418082714], "Monica Bellucci": [0.002055576629936695, 0.0, 0.0, 0.0, 0.0, 0.0, 0.0, 0.0, 0.0, 0.0, 0.0, 0.0, 0.22302990555763244, 0.007460972666740418, 0.0, 0.0, 0.0, 0.0, 0.0, 0.2559937447309494, 0.2822428435087204, 0.0, 0.0, 0.0, 0.0, 0.014786824584007263, 0.0, 0.0, 0.0, 0.04318552315235138, 0.0, 0.224097740650177, 0.0, 0.0, 0.001643354818224907, 0.0, 0.0, 0.0, 0.0, 0.0, 0.0, 0.0, 0.26375157535076144, 0.0, 0.0, 0.0, 0.0, 0.0, 0.0, 0.0, 0.0, 0.25445626974105834, 0.0, 0.0, 0.0, 0.0, 0.0, 0.22815618813037872, 0.0, 0.0007589889224618674, 0.0, 0.0, 0.0, 0.0, 0.0, 0.0, 0.002414180152118206, 0.0, 0.22107426971197128, 0.0, 0.0, 0.0, 0.0, 0.0, 0.0, 0.033183909207582477, 0.0, 0.0, 0.0, 0.0, 0.19687901437282562, 0.1132290244102478, 0.011466129124164582, 0.0, 0.0, 0.0, 0.0, 0.0, 0.0, 0.0, 0.0, 0.2789250880479813, 0.0, 0.0, 0.2500955671072006, 0.2082346886396408, 0.0, 0.0, 0.0, 0.0, 0.035325071215629576, 0.24181783497333526, 0.0, 0.0, 0.09644350185990333, 0.0, 0.0, 0.0, 0.024478231370449067, 0.0, 0.0, 0.0, 0.0, 0.0, 0.0, 0.031683340668678284, 0.0, 0.0, 0.0, 0.0, 0.2727025061845779, 0.0, 0.0, 0.0012290662154555321, 0.22700897455215455, 0.0, 0.0, 0.0]}